VERSION,2
wukong_1_panel_1,9,"comic_17_image_17_1_.png",150.05,138,1,1,0,0,0.49806,0.4926,0
TEXT,COMIC_17_1_KR5,wukong_1_panel_1,14.2,14.6,146.3,54.2,0,0,0,0,0,center,22
wukong_1_panel_1,37,"comic_17_image_17_1_.png",150.05,222.85,1,1,1,0,0.49806,0.4926,0
TEXT,COMIC_17_1_KR5,wukong_1_panel_1,14.2,14.6,146.3,54.2,0,0,0,0,0,center,22
wukong_1_panel_2,47,"comic_17_image_17_2_.png",497.3,210,1,1,0,0,0.49995,0.50007,0
TEXT,COMIC_17_2_KR5,wukong_1_panel_2,26.7,7.45,230,93.85,0,0,0,0,0,center,22
TEXT,COMIC_17_3_KR5,wukong_1_panel_2,336.65,43.75,122.05,69,0,0,0,0,0,center,22
wukong_1_panel_2,82,"comic_17_image_17_2_.png",497.3,210,1,1,1,0,0.49995,0.50007,0
TEXT,COMIC_17_2_KR5,wukong_1_panel_2,26.7,7.45,230,93.85,0,0,0,0,0,center,22
TEXT,COMIC_17_3_KR5,wukong_1_panel_2,336.65,43.75,122.05,69,0,0,0,0,0,center,22
wukong_1_panel_4,117,"comic_17_image_17_4_.png",1146.75,148.45,1,1,0,0,0.49981,0.50031,0
wukong_1_panel_3,117,"comic_17_image_17_3_.png",1090.25,207.3,1.00002,1.00002,0,0,0.5,0.5,-0.05212
wukong_1_panel_4,119,"comic_17_image_17_4_.png",1093.05,152.45,0.99998,0.99998,1,0,0.49981,0.50031,-0.44897
wukong_1_panel_3,119,"comic_17_image_17_3_.png",1000.1,235.35,1.00003,1.00003,1,0,0.5,0.5,0.06923
wukong_1_panel_4,121,"comic_17_image_17_4_.png",1099.3,74.5,1,1,1,0,0.49981,0.50031,-0.01657
wukong_1_panel_3,121,"comic_17_image_17_3_.png",1038.1,218.35,1,1,1,0,0.5,0.5,-0.01657
wukong_1_panel_4,124,"comic_17_image_17_4_.png",1088.35,80.75,1.00002,1.00002,1,0,0.49981,0.50031,0.01234
wukong_1_panel_3,124,"comic_17_image_17_3_.png",1031.35,226.35,1.00002,1.00002,1,0,0.5,0.5,0.01234
wukong_1_panel_4,127,"comic_17_image_17_4_.png",1093.05,79.5,1,1,1,0,0.49981,0.50031,0
wukong_1_panel_3,127,"comic_17_image_17_3_.png",1034.25,224.35,1,1,1,0,0.5,0.5,0
wukong_1_panel_5,148,"comic_17_image_17_5_.png",334.2,566.3,1,1,0,100,0.49995,0.50007,0
TEXT,COMIC_17_4_KR5,wukong_1_panel_5,10.4,7.6,257.8,54.2,0,0,0,0,0,center,22
TEXT,COMIC_17_5_KR5,wukong_1_panel_5,283.1,6.35,172.95,77.3,0,0,0,0,0,center,22
wukong_1_panel_5,164,"comic_17_image_17_5_.png",309.25,566.3,1,1,1,0,0.49995,0.50007,0
TEXT,COMIC_17_4_KR5,wukong_1_panel_5,10.4,7.6,257.8,54.2,0,0,0,0,0,center,22
TEXT,COMIC_17_5_KR5,wukong_1_panel_5,283.1,6.35,172.95,77.3,0,0,0,0,0,center,22
wukong_1_panel_6,187,"comic_17_image_17_6_.png",785.1,568.25,0.84515,0.84515,0,0,0.50174,0.4893,0
TEXT,COMIC_17_6_KR5,wukong_1_panel_6,7.25,9.6,443.6,49.2,0,0,0,0,0,center,20
wukong_1_panel_6,206,"comic_17_image_17_6_.png",841.35,565.25,1,1,1,0,0.50174,0.4893,0
TEXT,COMIC_17_6_KR5,wukong_1_panel_6,7.25,9.6,443.6,49.2,0,0,0,0,0,center,20
wukong_1_panel_7,223,"comic_17_image_17_7_.png",1049.95,564.95,1,1,1,0,0.5,0.50007,0
wukong_1_panel_7,227,"comic_17_image_17_7_.png",1211.75,564.95,1.0359,1.0359,1,0,0.5,0.50007,0
wukong_1_panel_7,229,"comic_17_image_17_7_.png",1207.75,564.95,0.95859,0.95859,1,0,0.5,0.50007,0
wukong_1_panel_7,231,"comic_17_image_17_7_.png",1213.75,564.95,1,1,1,0,0.5,0.50007,0
wukong_1_panel_7,233,"comic_17_image_17_7_.png",1211.75,564.95,1,1,1,0,0.5,0.50007,0
continue1,251,"comic_17_image_continue_bg_.png",1155.05,706.85,1,1,0,0,0.5,0.5,0.09506
TEXT,CINEMATICS_TAP_TO_CONTINUE,continue1,18.4,14.1,317.85,38.5,0,0,0,0,0,center,28
continue1,274,"comic_17_image_continue_bg_.png",1155.05,706.85,1,1,1,0,0.5,0.5,0.09506
TEXT,CINEMATICS_TAP_TO_CONTINUE,continue1,18.4,14.1,317.85,38.5,0,0,0,0,0,center,28
PAGE_END,275
wukong_2_panel_1,288,"comic_17_image_17_8_.png",144.1,185.1,1.1311,0.94711,0,100,0.50951,0.49805,0
TEXT,COMIC_17_7_KR5,wukong_2_panel_1,32.95,7.95,610.95,46,0,0,0,0,0,center,22
TEXT,COMIC_17_8_KR5,wukong_2_panel_1,176.25,302.75,632.5,40.3,0,0,0,0,0,center,22
wukong_2_panel_1,295,"comic_17_image_17_8_.png",449.05,191.95,1,1,1,0,0.50951,0.49805,0
TEXT,COMIC_17_7_KR5,wukong_2_panel_1,32.95,7.95,610.95,46,0,0,0,0,0,center,22
TEXT,COMIC_17_8_KR5,wukong_2_panel_1,176.25,302.75,632.5,40.3,0,0,0,0,0,center,22
wukong_2_panel_1,297,"comic_17_image_17_8_.png",429.05,191.95,1,1,1,0,0.50951,0.49805,0
TEXT,COMIC_17_7_KR5,wukong_2_panel_1,32.95,7.95,610.95,46,0,0,0,0,0,center,22
TEXT,COMIC_17_8_KR5,wukong_2_panel_1,176.25,302.75,632.5,40.3,0,0,0,0,0,center,22
wukong_2_panel_1,299,"comic_17_image_17_8_.png",441.05,191.95,1,1,1,0,0.50951,0.49805,0
TEXT,COMIC_17_7_KR5,wukong_2_panel_1,32.95,7.95,610.95,46,0,0,0,0,0,center,22
TEXT,COMIC_17_8_KR5,wukong_2_panel_1,176.25,302.75,632.5,40.3,0,0,0,0,0,center,22
wukong_2_panel_1,301,"comic_17_image_17_8_.png",439.05,191.95,1,1,1,0,0.50951,0.49805,0
TEXT,COMIC_17_7_KR5,wukong_2_panel_1,32.95,7.95,610.95,46,0,0,0,0,0,center,22
TEXT,COMIC_17_8_KR5,wukong_2_panel_1,176.25,302.75,632.5,40.3,0,0,0,0,0,center,22
wukong_2_panel_2,326,"comic_17_image_17_9_.png",1075.05,190,0.71988,0.71988,0,0,0.49867,0.50412,0
TEXT,COMIC_17_9_KR5,wukong_2_panel_2,3.1,2.5,461.75,69.05,0,0,0,0,0,center,22
wukong_2_panel_2,342,"comic_17_image_17_9_.png",1075.05,190,1,1,1,0,0.49867,0.50412,0
TEXT,COMIC_17_9_KR5,wukong_2_panel_2,3.1,2.5,461.75,69.05,0,0,0,0,0,center,22
wukong_2_panel_4,369,"comic_17_image_17_10_.png",245.55,664.65,0.81316,0.81316,0,50,0.52528,0.49698,0
wukong_2_panel_4,374,"comic_17_image_17_10_.png",143.6,536.45,1.03136,1.03136,0.98,0,0.52528,0.49698,0
wukong_2_panel_4,376,"comic_17_image_17_10_.png",164.15,556.75,1.01111,1.01111,0.99,0,0.52528,0.49698,0
wukong_2_panel_4,378,"comic_17_image_17_10_.png",147.6,543,1.00452,1.00452,1,0,0.52528,0.49698,0
wukong_2_panel_4,380,"comic_17_image_17_10_.png",153.75,552,1,1,1,0,0.52528,0.49698,0
wukong_2_panel_5,410,"comic_17_image_17_11_.png",639.95,592.25,1.01874,1.01874,0,0,0.49972,0.4982,0
TEXT,COMIC_17_10_KR5,wukong_2_panel_5,122.3,9.6,311.1,100,0,0,0,0,0,center,22
TEXT,COMIC_17_11_KR5,wukong_2_panel_5,407.4,283.15,168.55,76.5,0,0,0,0,0,center,22
wukong_2_panel_5,425,"comic_17_image_17_11_.png",639.95,560,1,1,1,0,0.49972,0.4982,0
TEXT,COMIC_17_10_KR5,wukong_2_panel_5,122.3,9.6,311.1,100,0,0,0,0,0,center,22
TEXT,COMIC_17_11_KR5,wukong_2_panel_5,407.4,283.15,168.55,76.5,0,0,0,0,0,center,22
wukong_2_panel_6,457,"comic_17_image_17_12_.png",1109.7,622.9,1.27768,1.27768,0,100,0.45235,0.48262,0
TEXT,COMIC_17_12_KR5,wukong_2_panel_6,4.65,5.65,164,61.6,0,0,0,0,0,center,22
TEXT,COMIC_17_13_KR5,wukong_2_panel_6,180.6,254.65,119.6,76.5,0,0,0,0,0,center,22
wukong_2_panel_6,474,"comic_17_image_17_12_.png",1159.95,556.7,1,1,1,0,0.45235,0.48262,0
TEXT,COMIC_17_12_KR5,wukong_2_panel_6,4.65,5.65,164,61.6,0,0,0,0,0,center,22
TEXT,COMIC_17_13_KR5,wukong_2_panel_6,180.6,254.65,119.6,76.5,0,0,0,0,0,center,22
PAGE_END,510
ORDER,wukong_1_panel_7,wukong_1_panel_6,wukong_1_panel_5,wukong_2_panel_1,wukong_1_panel_3,wukong_2_panel_2,wukong_1_panel_4,wukong_2_panel_4,wukong_1_panel_2,wukong_2_panel_5,wukong_1_panel_1,wukong_2_panel_6,continue1
